Class,Roll No,Name,Father's Name,Mother's Name,Date of Birth,Date of Admission,Adm No,Pen No
I,5,RAJIV RANJAN,ANAND MISHRA,CHANDANI DEVI,07/09/2018,17/1/2024,54,NA
I,13,PARBATI KUMARI,ANIL  YADAV,SAVITA DEVI,07/06/2021,330/7/2024,42,23053951756
I,17,ZEENAT PARWEEN,ANWAR SIDDAQUI,NEHA SIDDAQUI,19/9/2018,01/03/2023,8,23180036204
I,10,AARADHYA KUMARI,ASHOK SHAH,PRIYANKA DEVI,23/7/2016,24/4/2023,11,22469751114
I,20,ARYA KUMAR,ASHOK SHAH,PRIYANKA DEVI,4/4/2019,24/4/2023,17,22434531436
I,35,KHUSHI KHANAM,AYAZ KHAN,AASIA KHAN,14/7/2016,12/3/2023,39,NA
I,28,DAKSH KUMAR,BABLOO TIWARI,PRITI DEVI,25/12/2020,10/4/2023,57,23217115381
I,27,ARADHYA KUMARI,BALINDER CHAUHAN,INDU DEVI,23/7/2016,8/4/2023,15,NA
I,25,ROHAN KUMAR,BALINDRA CHAUHAN,INDU DEVI,07/03/2017,9/3/2024,4,NA
I,22,SAURBH KUMAR,BISRAM MISHRA,MINTA DEVI,16/3/2016,19/4/2024,9,23429108127
I,32,PAWAN KUMAR,DHARMATMA GIRI,GITA DEVI,03/11/2017,15/3/2023,111,23074593216
I,16,MISTY KUMARI,DHARMENDRA  PASWAN,ANITA DEVI,15/05/2023,15/5/2023,13,23096800798
I,34,ADITYA KUMAR,DINESH TIWARI,GUDIYA DEVI,27/01/2014,10/2/2024,100,23059303439
I,20,ABU BAKAR,ESHAN KHAN,SALWA SABIR,07/01/2021,7/3/2023,7,NA
I,6,GUDIYA KUMARI,GABBAR MANJHI,BACHHIYA DEVI,13/05/2025,13/5/2023,20,23002085935
I,31,REYANSH KUMAR,GAURAV NETAM,NITU KUMARI,5/9/2021,02/10/2023,16,23367987268
I,8,GOLU KUMAR,HARINDRA SHAH,RITA DEVI,12/05/2014,10/7/2024,56,NA
I,4,SADAF NAAZ,IMTEYAZ AHMAD,NAJRUN NISHA,13/03/2016,15/9/2023,52,NA
I,1,SHRISHTI YADAV,KAMLESH KUMAR,RITA DEVI,15/05/2019,2023/02/26,58,22206264618
I,11,ANANAYA PRASAD,KANHIYA PARSAD,SARITA DEVI,30/11/2018,19/3/2023,22,23055225348
I,18,SURYA PRATAP SINGH,MANORANJAN KUMAR SINGH,AARTI DEVI,20/9/2019,25/1/2023,14,23329490580
I,33,ABHIRAJ KUMAR,MITHLESH YADAV,SHIBU DEVI,15/11/2017,14/12/2023,51,23103777162
I,19,REYANSHI KUMARI,NAVEEN SINGH,RAGINI SINGH,13/01/2020,12/2/2023,55,23299145399
I,15,ARYAN KUMAR,PARMANAND KUMAR,PREMA DEVI,01/12/2018,18/5/2024,53,NA
I,2,SANVI KUMARI,PRAKASH CHANDAN,BEAUTY KUMARI,6/3/2020,04/04/2023,19,22135473138
I,24,PRINCY KUMARI,PRITHVINATH PANDAY,DIPU PANDEY,17/7/2018,03/02/2024,6,22425845690
I,23,SWEETY KUMARI,PRITHVINATH PANDAY,DIPU PANDEY,17/07/2018,03/02/2024,24,22460886285
I,3,AASTHA YADAV,RAMU KUMAR YADAV,RINKU DEVI,15/01/2019,4/4/2023,110,23052994390
I,14,ANANAYA YADAV,RANJEET YADAV,LALITA DEVI,1/12/2018,28/9/2022,23,22405319342
I,9,AASTHA KUMARI,ROHIT  KUMAR,MAMTA DEVI,07/08/2016,11/7/2024,21,NA
I,30,RAHMAN KHAN,SAHABUDDIN AHMAD KHAN,NAZNIN KHATOON,14/03/2011,17/2/2024,117,NA
I,11,SAHIL KUMAR,SATENDRA CHAUHAN,PINKY DEVI,02/01/2017,06/02/2023,18,22494200424
I,29,ARISH  ALI,SHAUKAT ALI,SAMIMA KHATUN,22/1/2020,18/4/2024,319,23076582829
I,7,TAUKIR,TAUHID HUSSAIN,MUSARRAT JAHAN,5/4/2023,04/05/2023,243,22395227062
I,26,SARTHAK KUMAR,VINOD YADAV,POOJA DEVI,23/10/2018,01/02/2023,233,23102450193
I,23,SAURABH KUMAR,VISHRAM MISHRA,MINTA DEVI,,,178,
II,3,JIYA KUMARI,AJEET SHAH,PRATIBHA DEVI,23/9/2019,24/5/2023,240,22218773148
II,20,ZINNAT FABIHA,ALIYAS ALI,RUBI KHATOON,N/A,20/04/2024,152,23233702874
II,24,GUFRAN RABBANI,ALIYAS ALI,RUBI KHATOON,N/A,06/06/2024,172,N/A
II,22,LAV KUMAR,ANIL YADAV,SABITA DEVI,04/01/2017,05/06/2023,236,N/A
II,32,ALIYA PARWEEN,ANWAR KHAN,AASMI PRAVEEN,19/4/2016,06/04/2023,209,N/A
II,44,AAYUSHI KUMARI,ARBIND KUMAR,SANGITA KUMARI,N/A,06/05/2024,190,23181061708
II,42,AMRITA MISHRA,ARUN MISHRA,SUNIT DEVI,N/A,06/04/2025,249,N/A
II,21,RIYA KUMARI,ARUN RAY,KAMAL DEVI,03-07-2016,09/05/2023,174,N/A
II,25,MAZID KHAN,BABU KHAN,SHAHINA KHATOON,N/A,24/05/2023,223,N/A
II,2,PRITAM TIWARI,CHANDAN TIWARI,PINKY DEVI,3/5/2016,15/04/2022,222,22419038414
II,1,PRIYANSH TIWARI,CHANDAN TIWARI,PINKY DEVI,6/9/2018,15/04/2022,234,22219954838
II,43,SUPRIYA KUMARI,DHARMATMA GIRI,GITA DEVI,N/A,18/12/2023,125,N/A
II,33,MOHIT KUMAR,DHARMATMA RAM,CHANDA DEVI,N/A,02/08/2024,170,N/A
II,27,DHANU KUMAR,HARERAM TIWARI,RINKI DEVI,N/A,24/04/2023,241,N/A
II,19,AARAV KUMAR,JAY PRAKASH YADAV,RINA DEVI,N/A,24/05/2023,198,22226159805
II,23,DEV KUMAR,JITENDRA SAH,MADHU DEVI,N/A,19/04/2024,205,N/A
II,29,SHIVAM TIWARI,KRISHNA TIWARI,SUSHMA DEVI,N/A,03/04/2025,199,N/A
II,15,SUMIT,KRISHNA YADAV,AMBI DEVI,3/2/2016,28/09/2022,232,22302883442
II,39,SAZID KHAN,MD ASLAM KHAN,FIROZI BEGAM,N/A,24/04/2025,221,N/A
II,38,ABDULLAH KHAN,MUNNA KHAN,SIMMI KHATOON,N/A,24/04/2025,166,23360739308
II,17,SWARA KUMARI,N/A,N/A,N/A,06/05/2024,195,N/A
II,10,ARIBA,NAJIR AHMAD,REHMUN NEHSA,19/6/2019,19/04/2022,191,N/A
II,37,NIDHI KUMARI,NAMI CHAUHAN,INDU DEVI,N/A,06/04/2024,186,N/A
II,36,ANWI KUMARI,NIRAJ KUMAR SINGH,USHA DEVI,17/06/2017,24/04/2025,216,N/A
II,40,PRIYANSHU TIWARI,NIRAJ TIWARI,BABLI DEVI,15/08/2019,04/04/2024,200,23438492312
II,5,AADITI KUMARI,PARMANAND KUMAR SHAH,PREMA DEVU,N/A,05/04/2024,208,N/A
II,34,PALLAVI KUMARI,RAJESHWAR KUMAR,SHUGANTI DEVI,N/A,15/05/2024,149,22354371805
II,31,ARADHYA KUMARI,RAMJIT YADAV,LALITA DEVI,04/03/2017,28/09/2022,180,N/A
II,35,ASLOK KUMAR,RAMJIT YADAV,LALITA DEVI,N/A,05/04/2023,159,N/A
II,28,SATYAM SHAH,SANJAY KUMAR,DURGAWATI DEVI,N/A,25/04/2023,188,23402314609
II,12,FALAK,SARFUDUN,SAHIMA KHATOON,11/10/2017,24/03/2025,219,N/A
II,30,SIWANI KUMARI,SATISH YADAV,SARITA DEVI,N/A,05/04/2024,218,N/A
II,6,AASTHA PANDEY,SHYAM BIHARI PANDEY,PRIYA PANDEY,N/A,02/06/2024,185,23095207616
II,4,AARAV KUMAR SAHI,SONU SHAHI,SWATI DEVI,16/07/2018,06/05/2023,244,22413831358
II,26,HIMANSHI KUMARI,SRI CHUNMUN RAM,PRATIBHA DEVI,22/11/2017,06/04/2024,206,N/A
II,16,PRATIK,SUGRIV SHARMA,SANJU DEVI,N/A,06/05/2024,250,N/A
II,14,VIKASH KUMAR,SUNIL BASPOUR,SAVITRI DEVI,N/A,13/07/2024,176,N/A
II,18,SHORYA KUMAR,SUNIL KUMAR,SABITRI DEVI,N/A,08/01/2024,211,N/A
II,11,AAYUSH YADAV,SUNIL KUMAR,ASHA DEVI,07/09/2017,26/4/2025,256,N/A
II,13,ANANNYA KUMARI,UMESH CHAUHAN,BIMLA DEVI,N/A,24/04/2023,196,N/A
II,41,ABHISHEK KUMAR,UMESH CHAUHAN,BIMLA DEVI,N/A,08/06/2025,197,N/A
II,8,SATYAM YADAV,UPENDRA KUMAR,SANDHYA DEVI,14/02/2018,24/04/2024,202,N/A
II,9,SUBHAM KUMAR,UPENDRA YADAV,SHOBHA DEVI,19/4/2017,11/03/2024,231,23126028143
II,7,AWANTIKA KUMARI,VISHWAJIT KUMAR RAY,RAJ LAKSHMI RAI,N/A,15/03/2025,193,N/A
III,17,SANVI KUMARI,ABHISHEK SINGH,NEELU SINGH,12/06/2017,12/04/2025,213,NA
III,10,AAYUSHI KUMARI,ARBIND KUMAR,SANGEETA DEVI,18/03/2018,3/1/2022,212,22498710446
III,30,ABDUL LATIF,ARIJ ALI,NAJBUL NISHA,11/02/20118,15/03/2022,254,22168968329
III,13,ANUSHKA KUMARI,ARVIND KUMAR,SANGEETA DEVI,10/04/2018,16/03/2021,245,22168965437
III,28,SULTAN KHAN,ASHRAF KHAN,NUSRAT JAHAN,11/02/2017,12/4/2021,194,22341358743
III,7,AYAN KHAN,BABU KHAN,SAINA KHATOON,16/04/2015,3/14/2021,237,22168968323
III,1,SALONI KUMARI,CHHABILA YADAV,SHANTI DEVI,15/08/2017,12/05/2022,183,22091668216
III,5,ANYA KUMARI,HARERAM TIWARI,RINKY DEVI,11/07/2016,2/9/2021,214,22110098586
III,27,ZOYA KHAN,ISTIKHAAR KHAN,NAZIA KHATOON,11/02/2017,15/04/2021,203,22400562391
III,22,AAYUSH YADAV,KAMLESH YADAV,REETA DEVI,11/02/2017,14/05/2021,265,22183553111
III,23,SAMRIDDHI SINGH,LAL BABU SINGH,REENA DEVI,17/03/2016,10/04/2022,288,22434684448
III,24,AADARSH KUMAR,MANOJ MISHRA,RINKY DEVI,01/04/2017,12/04/2022,268,22241350844
III,11,SALMAN HASIB,MD HASIBUDDIN,SHABANA PARWEEN,04/05/2018,15/03/2022,235,22205523674
III,19,FARHAN KHAN,MERAJUL KHAN,FARIDA KHATOON,24/09/2015,21/02/2025,189,NA
III,29,ARYAN KUMAR,MITHILESH YADAV,SHIBU DEVI,18/03/2015,3/4/2021,160,22161100561
III,8,KESHU KUMAR,MUKESH CHAUHAN,ALKA CHAUHAN,28/01/2017,2/1/2022,179,22091467650
III,17,BANKIT KUMAR,NAGENDER YADAV,SANGEETA DEVI,15/11/2016,12/04/2025,175,NA
III,21,NIKHIL KUMAR,NAMI CHAUHAN,INDU DEVI,12/07/2015,16/04/2025,168,NA
III,3,ANKUSH KUMAR,PANKAJ UPADHYAY,AARTI DEVI,10/04/2018,2/2/2022,156,22104785016
III,2,SHIVAY TIWARI,PAWAN TIWARI,NIPU DEVI,07/08/2017,4/12/2022,155,22228514125
III,12,BITTU KUMAR,RAJAN CHAUHAN,POONAM DEVI,02/02/2016,06/04/2020,165,22295109105
III,31,NEHA KUMARI,RAJENDRA CHAUHAN,SITA DEVI,10/10/2015,15/03/2024,150,22072353312
III,4,PRAKASH KUMAR,RAKESH KUMAR,RAMBHA DEVI,21/05/2014,6/1/2022,187,22206223681
III,20,ATIF KHAN,REYAZ KHAN,SANJEEDA KHATOON,28/06/2015,22/04/2025,163,NA
III,16,AAYUSH SINGH,SHAMBHU SINGH,MAMTA DEVI,18/02/2016,02/04/2021,157,22168965629
III,15,SIMRAN KUMARI,SHIVBACHAN PANDIT,MIRA DEVI,07/08/2017,14/04/2022,153,22341305846
III,6,SRISHTI SONI,SONELAL SONI,AARTI DEVI,11/02/2017,01/06/2022,182,22228514153
III,14,POOJA KUMARI,SUGRIV SHARMA,SANJU DEVI,22/05/2016,12/04/2025,27,NA
III,25,VAISHNAVI KUMARI,SUMANT SINGH,PRIYANKA DEVI,10/01/2016,14/04/2021,201,22107968339
III,32,AAYUSHI KUMARI,VIJAY KUMAR,ANU DEVI,24/02/2015,15/04/2025,133,NA
III,9,SAKSHI SINGH,VIKASH SINGH,DEVANTI DEVI,28/01/2017,23/02/2025,162,NA
III,26,SHIVANI KUMARI,VISHRAM MISHRA,MINTA DEVI,16/04/2015,19/01/2022,169,22183553111
IV,37,AARADHYA SINGH,ABHISHEK KUMAR,SHREYA KUMARI,01-07-2015,07-02-2025,139,N/A
IV,38,ADARSH KUMAR,AJAY SAH,ANITA DEVI,18-08-2010,01-05-2022,181,N/A
IV,29,ARYAN TIWARI,ANIL TIWARI,SEEMA DEVI,15-02-2015,03-02-2021,164,22131071589
IV,26,ROHAN KUMAR,ARUN RAI,KOMAL DEVI,10-10-2014,16-05-2024,36,N/A
IV,1,RISHU TIWARI,CHANDAN TIWARI,PINKI DEVI,01-04-2014,17-02-2022,33,22119185663
IV,23,MAYRA SHARMA,DHANANJAY SHARMA,SARITA DEVI,03-04-2016,09-02-2022,47,22197236688
IV,35,YOGESH KUMAR,DHARMATMA RAM,CHANDA DEVI,16-01-2015,03-02-2022,45,22408154668
IV,6,PALAK KUMARI,DHARMENDRA KR SINGH,ANJU DEVI,19-09-2016,04-04-2022,86,N/A
IV,31,SHUBHAM KUMAR,DILIP YADAV,SUGANTI DEVI,05-03-2015,01-03-2022,43,22198310990
IV,9,ANANYA KUMARI,HARERAM TIWARI,RINKI DEVI,26-02-2016,18-08-2021,143,2263688938
IV,28,PIHU KUMARI,JAY PRAKASH SINGH,MALA DEVI,14-11-2016,17-02-2022,173,22207389845
IV,27,MOHIT KUMAR,JITENDRA CHAUHAN,BHAGWANI DEVI,06-11-2012,01-04-2022,32,22248990662
IV,30,RIYA KUMARI,KAMLESH YADAV,REETA DEVI,01-06-2015,19-01-2022,71,22204109378
IV,12,SWATI KUMARI,LAXMAN PRASAD,MALA DEVI,25-09-2016,02-02-2022,37,22575621786
IV,5,AAHIL RAZA,MD. NAUSHAAD ALI,RABAIDA KHAATON,19-08-2016,10-04-2024,63,N/A
IV,11,SHRISTI KUMARI,NAVEEN SINGH,MAMTA DEVI,28-07-2016,08-04-2022,66,N/A
IV,20,HIMANSHI KUMARI,NIRAJ KUMAR,USHA DEVI,14-08-2015,14-04-2022,62,
IV,36,ANURAAG KUMAR,PANKAJ KUMAR,SUDHA DEVI,07-03-2015,03-02-2022,65,22113687502
IV,4,ARYAN TIWARI,PAPPU TIWARI,ANU DEVI,27-06-2016,23-02-2021,77,22214997418
IV,3,PIYUSH KUMAR,PINTU SINGH,RITU DEVI,31-10-2017,01-03-2022,74,22086356405
IV,7,SAKSHI KUMARI,PRABHAT RANJAN,SUDHA DEVI,15-03-2017,10-02-2022,70,22146101766
IV,19,PINKI KUMARI,RAJ KUMAR SAH,SANDHYA DEVI,19-03-2016,01-02-2022,26,22181825133
IV,#N/A,KUNAL KUMAR,RAMESH PASWAN,RINA DEVI,11-11-2011,16-05-2022,44,N/A
IV,2,RUDRA KUMAR,RAMU KUMAR YADAV,RINKU DEVI,15-01-2017,05-01-2022,61,222070968558778
IV,13,EKTA KUMARI,ROHIT KUMAR,MAMTA DEVI,17-08-2016,15-01-2025,76,N/A
IV,18,AASHI KUMARI,SANDEEP SAH,SWEETY DEVI,18-09-2015,20-03-2024,29,N/A
IV,14,AASWI KUMARI,SANDEEP SAH,SWEETY KUMARI,17-11-2016,20-03-2024,49,N/A
IV,16,DIPANSHU MISHRA,SAROJ MISHRA,AHILYA DEVI,02-03-2015,09-02-2022,41,22197236688
IV,24,AKASH KUMAR,SATENDRA CHAUHAN,PINKI DEVI,02-02-2014,16-04-2022,12,N/A
IV,22,SUFIYAN ALI,SHAMSHAD ALI,SHABNAM KHATOON,20-05-2015,15-02-2022,75,22148848006
IV,15,AYUSHI KUMAR,SONU SHAHI,SWETA SHAHI,16-08-2026,08-03-2024,82,22100620107
IV,17,ANKIT KUMAR,SUBODH KR SINGH,BEAUTY DEVI,15-10-2015,08-03-2023,94,22129154508
IV,33,KRISHNA KUMAR,SUJIT KUMAR,SARITA DEVI,25-03-2014,01-02-2022,28,22181825133
IV,34,LAKSH KUMAR,SUMANT SINGH,PRIYANKA DEVI,26-10-2016,04-04-2024,96,N/A
IV,21,SUJIT KUMAR,SUNIL SAH,PINKI DEVI,12-03-2013,05-03-2022,84,22469805404
IV,10,SAMIR ALAM,TAUREJ ALAM,RAKIBA BEGAM,,05-04-2022,73,N/A
IV,32,SANSKRITI KUMARI,VICKY YADAV,SRIKANTI DEVI,30-05-2015,18-02-2022,68,22424766201
IV,25,ROUSHANI KUMARI,VIJAY YADAV,KIRAN DEVI,,19-05-2021,89,N/A
IV,8,SHRISTI KUMARI,VIKASH PASHWAN,REETA DEVI,24-05-2016,01-05-2024,31,N/A
IX,13,PREETY KUMARI II,ANIL SINGH,SUNITA DEVI,26/06/2009,24/03/2022,34,NA
IX,16,PIYUSH SINGH,ARJUN SINGH,SUNITA SINGH,03/05/2012,03/06/2023,38,NA
IX,20,ABDUL TAIYAB,ASHRAF KHAN,NUSHRAT JAHAN,24/09/2010,07/03/2019,78,NA
IX,9,YASH RAJ,BALISTER SINGH,NEHA DEVI,11/09/2009,19/04/2023,137,NA
IX,15,AYUSHI KUMARI,KANHAIYA PRASAD,SARITA DEVI,10/10/2011,09/04/2022,147,NA
IX,12,AMAN KUMAR,MANAN YADAV,SAROJ DEVI,12/09/2009,03/04/2020,93,22089959651
IX,5,HARSHIT KUMAR,MANU KUMAR SINGH,GUDDI SINGH,17/10/2008,09/04/2019,120,22208149707
IX,3,SHEKH KULSHUM HASIB,MD HASIBUDDIN,SHABANA PARWEEN,23/09/2011,15/03/2022,141,22232506573
IX,10,ADIBA KASID,MD KASID KHAN,QAISARY KHATOON,12/09/2009,03/04/2020,104,22334569359
IX,17,SUHANA PARWEEN,MD SHAUKAT ALI,SHAMIMA KHATOON,28/06/2011,18/04/2024,138,NA
IX,1,NAAZ PRAWEEN,MD. NAUSHAD ALI,ROBAIDA KHATOON,15/03/2009,24/03/2021,135,22097298186
IX,11,NIKHAT PARWEEN,MOHAMMAD ALI,RUKSANA KHATOON,24/06/2009,18/04/2024,318,NA
IX,14,JYOTI KUMARI,PANKAJ SINGH,CHANDA DEVI,25/10/2010,04/07/2025,144,NA
IX,4,LAXMI KUMARI,PRADEEP SINGH,URMILA DEVI,01/01/2010,02/05/2022,115,22175838321
IX,19,ABHISHEK KUMAR,RAJESH SINGH,SONI DEVI,14/02/2012,05/02/2021,151,22102365349
IX,6,RAHIM KHAN,SALAHUDIN AHMAD KHAN,NAZNIN KHATOON,17/08/2011,01/03/2022,46,22365742065
IX,18,AYUSH SHARMA,SANJAY SHARMA,RICHA SHARMA,22/01/2011,05/02/2010,128,22571946443
IX,7,VISHAKHA KUMARI,SHIVLOCHAN SINGH,SIMA DEVI,01/04/2009,05/04/2025,148,NA
IX,2,ADITYA KUMAR,SUBHASH YADAV,SUNITA DEVI,19/11/2010,30/03/2022,109,22214878276
IX,8,PREETY KUMARI I,SUNIL SINGH,NILAM DEVI,30/07/2009,27/04/2024,91,NA
LKG,5,NIHARIKA RAY,ABHIJEET KUMAR RAY,MENIKA KUMARI,27.09.2021,28-05-2025,95,NA
LKG,26,SALONI KUMARI,AJENDRA YADAV,MANISHA DEVI,15.01.2021,26-05-2025,207,NA
LKG,12,YURAJ KUMAR,ANIL YADAV,JAIMALA DEVI,26.02.2020,27-05-2025,119,NA
LKG,22,ZAINAB KHATOON,ASLAM KHAN,FIROZ  KHATOON,NA,22-05-2025,114,NA
LKG,20,ARADHYA KUMARI,BABULAL CHAUHAN,SABITA DEVI,18.03.2020,23-05-2025,92,NA
LKG,4,LUCKY KUMAR,BAKELAL SINGH,GAYATRI DEVI,23.03.2020,21-04-2025,103,NA
LKG,13,AAKRITI  KUMARI,BALINDAR CHAUHAN,INDU DEVI,NA,24-05-2025,69,NA
LKG,7,RUNDRANSH SHARMA,BIRENDRA SHARMA,REENA DEVI,19.05.2020,26-05-2025,101,NA
LKG,22,SHIVAM KUMAR,CHHABILA YADAV,SUBHANTI DEVI,5.19.2020,29-04-2025,99,NA
LKG,17,ATHARV KUMAR,DHANANJAY SHARMA,SARITA DEVI,08.04.2020,22-05-2025,107,NA
LKG,25,ANMOL KUMAR,DINESH KUMAR YADAV,PUNAM DEVI,NA,26-05-2025,98,NA
LKG,8,UMAR KHAN,EHSAN KHAN,SALWA SABIR,14.09.2022,24-05-2025,306,NA
LKG,16,KRITI KUMARI,KANHAIYA SHARMA,PRITI DEVI,07.08.2021,21-04-2025,121,NA
LKG,6,ABHIMANYU KUMAR,KRISHNA CHAUHAN,PRIYANKA DEVI,20.12.2020,24-05-2025,116,NA
LKG,15,KHUSHI KUMARI,NAWALKISHOR SHARMA,PRIYANKA DEVI,17.04.2021,22-05-2025,88,NA
LKG,1,ANSHIKA KUMARI,PANKAJ KUMAR,SUDHA KUMARI,04.3.2021,19-04-2025,118,NA
LKG,24,ARYAN KUMAR,RAJAN CHAUHAN,PUNAM DEVI,24.02.2020,26-04-2025,113,NA
LKG,28,DIVYANSHU KUMAR,RAJEKESWAR PASWAN,SUGANTI DEVI,NA,24-04-2025,85,NA
LKG,19,RIDHI KUMARI,RAMESH SINGH,SIMA DEVI,14.11.2021,26-04-2025,83,NA
LKG,18,ABHINANDAN KUMAR,ROHIT KUMARJAISWAL,MAMTA DEVI,27.01.2019,15-04-2025,80,NA
LKG,9,SAHIR ALI,SABIR ALI,AYESHA KHATOON,27.11.2018,25-05-2025,87,NA
LKG,27,SAIMA SAHIM,SAHIM KHAN,TARANUM NESHA,27.11.2019,21-04-2025,105,NA
LKG,11,ARYAN CHAUHAN,SANJAY CHAUHAN,POONAM DEVI,24.02.2020,28-05-2025,90,NA
LKG,2,SOHANI KUMARI,SANTOSH SHARMA,MINA DEVI,23.12.2018,28-04-2025,112,NA
LKG,29,SHUBHAM RAJ,SHIVSHANKAR KUMAR,PUJA KUMARI,NA,29-05-2025,59,NA
LKG,21,SHIVAM KUMAR SHA,SONU SHA,MAMTA DEVI,02.02.2021,19-05-2025,64,NA
LKG,10,KARAN KUMAR SHARMA,SUGRIV SHARMA,SANJU DEVI,30.08.2021,17-05-2025,40,NA
LKG,14,AYESHA TANVIR,TANVIR KHAN,SAMA PARWEEN,03.05.2021,23-05-2025,72,NA
LKG,3,CHANDANI KUMARI,UPENDRA SHA,NITU DEVI,19.8.2020,29-04-2025,184,NA
NUR,,ANAYA RAY,ABHIJEET KUMAR RAY,MENIKA KUMARI,,,279,NA
UKG,26,SAKSHI  KUMARI,AJAY SINGH,POONAM DEVI,05/03/2020,2024/05/13,280,NA
UKG,11,KRITI KUMARI,AJAY YADAV,MAYA DEVI,09/09/2019,2024/04/26,281,NA
UKG,34,BHOLU KUMAR,AJIT KUMAR,PRATIMA DEVI,06/03/2022,30/04/2025,282,NA
UKG,24,PRITAM KUMAR,AJIT KUMAR SINGH,PRIYANKA SINGH,10/10/2020,2024/04/26,283,23140255833
UKG,39,AYUSH SINGH,ALOK SINGH,ANNU SINGH,26/10/2018,25/04/2025,284,NA
UKG,4,ALOK KUMAR,AMIT YADAV,RANJU DEVI,01/05/2019,2024/04/03,285,NA
UKG,20,ANURAG KUMAR,ANIL CHAUHAN,GUDIYA DEVI,03/07/2019,11/07/2025,286,NA
UKG,3,PUTUL KUMARI,ARUN RAY,KAMAL DEVI,07/08/2020,2024/05/16,287,23081826301
UKG,17,ALTMASH KHAN,ASLAM KHAN,JAHANA KHATOON,13/06/2018,25/06/2025,289,NA
UKG,38,AROHI KUMARI,DHANANJAY SINGH,RINA DEVI,07/02/2019,2024/04/18,290,23155185955
UKG,19,AYUSH  SAH,DHARMENDRA SHAH,SUNITA DEVI,14/09/2019,2024/02/10,291,23157553995
UKG,2,DIVYA KUMARI,DHIRAJ SINGH,VIJETA SINGH,23/04/2025,02/05/2025,292,NA
UKG,21,JAINAB  KHATUN,FIROZ KHAN,SHAHJADI KHATOON,31/05/2019,2024/03/19,293,23296069712
UKG,16,MD IMAM,IMTEYAZ AHMAD,NAJRUN NISHA,01/10/2017,09/04/2025,294,NA
UKG,31,ANSHUMAN TIWARI,INDRJEET KUMAR TIWARI,PRIYANKA  DEVI,04/04/2021,2024/07/19,295,23028932834
UKG,25,AVNI KUMARI,JITENDRA SINGH,RUCHI  DEVI,14/04/2021,25/03/2025,296,NA
UKG,18,DAKSH KUMAR,KAMLESH KUMAR SINGH,ANJALI  KUMARI,29/05/2021,2024/01/30,297,23262262738
UKG,36,MOHAMMAD AHIL KHAN,MAKBUL KHAN,SAHANA KHATOON,23/02/2020,2024/04/03,298,23352275077
UKG,22,SAMRIDDHI MANIK,MANIK DEV,SWATI DEVI,26/07/2019,03/09/2025,299,NA
UKG,32,SAURABH  KUMAR,MANOJ KUMAR,ANISHA DEVI,12/12/2020,2024/04/07,300,23216160481
UKG,6,SHIVAM KUMAR,MUSAFIR CHAUDHARY,MINTA DEVI,06/06/2014,2025/05/04,301,NA
UKG,15,AHMED RAZA,NURZAMA KHAN,SEEMA KHATOON,01/11/2021,2025/08/04,302,NA
UKG,37,ANIKET MISHRA,OMPRAKASH MISHRA,NISHA MISHRA,21/07/2020,2024/03/10,303,23295452590
UKG,13,ANSHIKA KUMARI,PRAMOD DUBEY,VIBHA DEVI,09/08/2020,2023/10/31,304,23004315169
UKG,35,AADHYA SINGH,PRANAW KUMAR,KANCHAN SINGH,12/09/2020,04/06/2025,305,NA
UKG,9,SHRISHTI  KUMARI,RAJKESHWAR PASWAN,SUGANTI DEVI,17/07/2018,2024/05/15,307,23192862339
UKG,28,ADITYA  KUMAR,RAJKUMAR YADAV,NIRMALA DEVI,15/09/2019,2024/02/20,308,23252257449
UKG,8,NANDANI KUMARI,RAKESH YADAV,MANJU DEVI,12/04/2025,28/06/2025,309,NA
UKG,7,ROHIT KUMAR,RAMESH KUMAR  SINGH,SEEMA DEVI,27/04/2020,2024/09/28,310,23243201279
UKG,32,SATYAM KUMAR,SANTOSH KUMAR CHAUHAN,SUNITA DEVI,10/02/2020,2024/04/01,311,23090031209
UKG,14,AYUSHI  KUMARI,SATISH YADAV,SUNITA DEVI,17/10/2018,2024/04/19,312,23186886239
UKG,10,YUVRAJ KUMAR,SATYENDRA PANDEY,GUDIYA DEVI,23/03/2020,2024/02/10,313,23245801972
UKG,5,ALIZA  KHATOON,SHAMSHAD ALI,SHABNAM KHATOON,23/03/2019,2024/04/24,314,23254050056
UKG,22,ATHARV KUMAR,SHYAMBIHARI PANDEY,PRIYA PANDEY,21/10/2021,17/03/2025,315,NA
UKG,30,JANVI KUMARI,SUBODH SINGH,BEAUTY  DEVI,30/12/2020,2024/04/18,316,23218051421
UKG,29,UJJWAL  YADAV,UPENDRA KUMAR,SANDHYA  DEVI,24/05/2023,2024/04/24,317,23224154420
UKG,1,KRISHNA KUMAR SAH,UPENDRA SHAH,SAVITRI DEVI,14/08/2017,2025/03/04,320,NA
UKG,27,ALOK YADAV,VISHNU YADAV,PREETI DEVI,06/03/2020,2024/04/05,321,23112937953
UKG,12,SIFA KHAN,YUSUF KHAN,SABINA KHATOON,05/10/2017,08/05/2025,322,NA
V,3,RIYA KUMARI,AJIT KUMAR,PRATIMA DEVI,18/8/2017,18/8/2018,323,18/8/2020
V,25,NIRAJ KUMAR,AJIT YADAV,DHARMAWTI DEVI,16/03/2015,26/04/2025,324,N/A
V,23,AYESHA PRAVEEN,ANWAR KHAN,YASHMIN PRAVEEN,30/10/2009,1/7/2024,325,N/A
V,24,ALISHA PRAVEEN,ANWAR KHAN,YASHMIN PRAVEEN,9/11/2010,1/7/2024,326,N/A
V,6,ABHISHEK TIWARI,BHOLA TIWARI,SAROJ DEVI,31/8/2014,1/2/2023,327,22275052934
V,15,HARDIK KUMAR,CHUNMUN RAM,PRATIBHA DEVI,12/4/2015,6/3/2025,328,N/A
V,19,SHIVAM KUMAR,DHARMENDRA PRASAD,ANITA DEVI,8/2/2010,15/1/2016,329,22105996856
V,9,ABHINIT YADAV,HARISHANKAR YADAV,RITA DEVI,03/09/2012,05/02/2024,330,N/A
V,27,PRIYA KUMARI,JAYPRAKASH SINGH,MALA DEVI,18/8/2017,1/2/2022,331,22554143988
V,20,SHILPI KUMARI,KAMLESH PRASAD,RINA DEVI,6/3/2013,20/1/2021,332,22267446936
V,12,PIYUSH KUMAR,KRISHNA SAH,BABY DEVI,24/2/2010,16/6/2024,333,N/A
V,17,CHHOTI KUMARI,KRISHNA TIWARI,SUSHMA DEVI,21/04/2014,12/4/2025,334,N/A
V,1,ARPIT SINGH,MANNU SINGH,GUDDI SINGH,7/5/2017,9/1/2020,335,22189415184
V,11,RISHI KUMAR,MANOJ YADAV,SHILA DEVI,07/01/2014,25/11/2024,336,N/A
V,26,SHRISHTI KUMARI,NIRAJ KUMAR SINGH,USHA DEVI,21/04/2014,20/01/2025,337,N/A
V,28,SWEETY KUMARI,NIRAJ MISHRA,SASHI MISHRA,24/4/2013,10/4/2018,338,N/A
V,30,PALAK TIWARI,NIRAJ TIWARI,BABLI DEVI,16/9/2017,4/10/2024,339,N/A
V,4,ADITI KUMARI,PANKAJ UPADHYAY,AARTI DEVI,8/3/2015,3/2/2022,340,2257128242
V,18,ADITYA KUMAR,PARBHANSH TIWARI,RINKI DEVI,27/09/2014,20/03/2024,341,N/A
V,13,ANSHIKA KUMARI,PRITHWI NATH PANDEY,DIPPU DEVI,24/01/2014,26/08/2024,342,N/A
V,31,SUDHANSHU KUMAR,RAJENDRA YADAV,KUMRAWATI DEVI,22/8/2014,4/4/2024,343,N/A
V,22,ROHAN SAINY,RAJKUMAR SINGH,MANJARI RANI,26/01/2014,3/4/2025,344,N/A
V,2,ARPIT PANDEY,RAKESH PANDEY,MITHILESH DEVI,17/11/2016,13/3/2020,345,22281537754
V,29,AYUSH KUMAR,RANJIT KUMAR,PINKY DEVI,6/11/2014,7/2/2022,346,22433198861
V,8,MAMTA KUMARI,SANJAY SAH,DURGAWATI DEVI,13/3/2016,6/4/2024,347,N/A
V,16,RUDRA KUMAR,SANJAY SHARMA,RICHA SHARMA,18/1/2015,5/1/2022,348,22365003710
V,7,KARTIK KUMAR,SHASHIKANT PRASAD,PUSHPA DEVI,28/09/2015,16/02/2025,349,N/A
V,21,ALIYA PRAVEEN,SHAUKAT ALI,SAMIMA KHATOON,6/3/2013,8/4/2024,350,N/A
V,10,ANKITA KUMARI,SUNIL YADAV,ASHA DEVI,24/04/2015,24/04/2025,351,N/A
V,14,SAMEERA,TAUHID HUSSAIN,MOSSARAT JAHAN,18/10/2015,4/5/2022,352,22538153077
V,5,JYOTISH KUMAR,UPENDRA CHAUHAN,PHOOL KRI.DEVI,3/8/2013,1/5/2020,353,22269554085
VI,42,AAROHI KUMARI,ABHISHEK KUMAR,,23/03/2015,19/02/2020,354,22339919433
VI,23,SANJANA SINGH,ANIL SINGH,SUNITA DEVI,12/05/2014,24/03/2022,355,22186342840
VI,30,ZOYA PARVEEN,ANWAR SIDDIQUIE,NEHA PARVEEN,19/08/2012,05/02/2021,356,22169761343
VI,24,PARI SINGH,ARJUN SINGH,SUNITA SINGH,20/12/2013,16/04/2024,357,NA
VI,31,RAUNAK KUMAR,BANKEY LAL SINGH,ANNU DEVI,19/02/2015,15/07/2025,358,NA
VI,35,ROHAN TIWARI,BASUDEV TIWARI,SATYA KUMARI DEVI,26/09/2015,01/07/2020,359,22352532865
VI,41,ANSH KUMAR,DAYA SHANKAR CHAUHAN,RITA DEVI,28/02/2010,15/05/2024,360,NA
VI,14,SHUBHAM MISHRA,DILEEP MISHRA,BABITA DEVI,27/03/2014,16/05/2024,361,NA
VI,19,ALINA PARVEEN,IMTEYAZ AHMED,NAJRUN NISHA,30/05/2012,28/06/2025,362,NA
VI,25,SAIF KHAN,ISHTAKHA KHAN,NAZIYA KHATOON,07/07/2013,01/12/2023,363,22090956076
VI,4,ALIYA YADAV,JAI PRAKASH YADAV,RINA DEVI,15/01/2014,20/04/2020,364,22273550104
VI,39,SOHAIL KHAN,JAMAL KHAN,ZAKIYA SITARA,10/05/2013,14/04/2022,365,22485319005
VI,17,AHSAN KHAN,KALAM KHAN,LADALI KHATOON,19/11/2012,02/05/2020,366,222595447803
VI,27,AYUSH PRAKASH,KAUSHAL KISHOR,GAYATRI DEVI,30/09/2013,13/04/0202,367,NA
VI,36,AYUSHKA KUMARI,KRISHNA PRASAD,ARTI DEVI,23/07/2015,21/02/2020,368,22526940819
VI,33,NANDANI TIWARI,KRISHNA TIWARI,SUSHMA DEVI,30/04/2012,2025/12/04,369,NA
VI,26,AQSA PARVEEN,MAKBUL KHAN,SAHANA KHATOON,06/01/2014,04/04/2024,370,NA
VI,12,ANSHUMAN PATHAK,MANKESHWAR NATH PATHAK,SWETA DEVI,15/01/2016,30/03/2025,371,NA
VI,16,JAYA MISHRA,MANOJ MISHRA,RINKU DEVI,17/09/2013,04/04/2022,372,22309983705
VI,40,PIYUSH YADAV,MANOJ YADAV,SAROJ DEVI,19/11/2012,23/02/2022,373,22515512625
VI,32,ADITI SINGH LADLI,MANORANJAN KUMAR SINGH,ARTI SINGH,26/08/2016,20/02/2024,374,22572128242
VI,15,RUQAIYA HASIB,MD HASIBUDDIN,SHABANA PARWEEN,12/02/2013,15/03/2022,375,22086800249
VI,11,SHREYANSH RAJ,MOTILAL SINGH,SANTARA KUMARI,30/03/2013,19/08/2021,376,22142293997
VI,5,RISHU CHAUHAN,MUKESH CHAUHAN,ALKA DEVI,22/10/2003,02/02/2022,377,22158181438
VI,7,RIYA TIWARI,PAWAN TIWARI,NIPU DEVI,15/08/2016,17/08/2021,378,22576960639
VI,6,PAKHI GUPTA,PINTU GUPTA,REKHA DEVI,29/09/2013,12/04/2022,379,22593518546
VI,28,ADARSH TIWARI,PRABHANS TIWARI,RINKI DEVI,23/01/2013,03/02/2024,380,NA
VI,3,AKANSHA KUMARI,RAJ KUMAR SHAH,SANDHYA DEVI,25/03/2013,20/03/2010,381,22149587739
VI,18,KARAN KUMAR,RAJ KUMAR SHAH,SANDHYA DEVI,25/07/2010,06/04/2022,382,22309983705
VI,10,RITIKA KUMARI,RAMU KUMAR YADAV,RINKU DEVI,01/05/2015,03/07/2023,383,22114073937
VI,34,MURAD KHAN,REYAZ KHAN,SANJIDA KHATOON,17-03-2012,14/04/2025,384,NA
VI,9,PRIYANSHI SINGH,SANJAY KUMAR SINGH,NEHA DEVI,09/09/2014,26/02/2022,385,22364280171
VI,8,SHILLU MISHRA,SAROJ MISHRA,AHILYA DEVI,13/01/2013,22/04/2020,386,NA
VI,37,SONALI KUMARI,SATYENDRA SHAH,SITA DEVI,29/07/2011,05/12/2021,387,NA
VI,29,AYUSH YADAV,SHIV SAMBHU NATH YADAV,SINDHU DEVI,03/11/2012,04/06/2022,388,22380602155
VI,20,ADARSH KUMAR SONI,SONELAL SONI,ARTI DEVI,28/05/2013,07/04/2020,389,22335822822
VI,22,RAJ MISHRA,SUNIL MISHRA,SUMAN DEVI,12/05/2014,18/02/2020,390,NA
VI,1,GUDIYA KUMARI CHAHAUN,UPENDRA CHAUHAN,PHOOL KUMARI DEVI,19/10/2012,22/04/2023,391,22355496452
VI,13,AMAN KUMAR SONI,UPENDRA SHARMA,INDU DEVI,27/05/2013,06/01/2020,392,22172797227
VI,21,SAMRIDDHI KUMARI,VICKY YADAV,SRIKANTI DEVI,14/05/2015,20/05/2023,393,22248989679
VI,2,SAURABH KUMAR,VINAY SINGH,POOJA DEVI,03/10/2015,20/04/2024,394,NA
VI,38,SHIVANGI KUMARI,VISHWAJIT KUMAR RAY,RAJ LAKSHMI RAI,23/02/2026,03/03/2025,395,NA
VII,19,ALOK KUMAR MISHRA,AMIT KUMAR MISHRA,KANCHAN DEVI,N/A,04/19/2025,396,N/A
VII,16,AYUSHI KUMARI,ANIL SHARMA,SAVITA DEVI,03/09/2012,08/03/2020,397,22123429370
VII,18,AVINASH KUMAR,BHOLA TIWARI,SAROJ DEVI,09/11/2012,28/4/2022,398,22361344041
VII,5,ANNU TIWARI,CHANDAN TIWARI,PINKI DEVI,N/A,04/03/2025,399,N/A
VII,9,KHUSHBOO KUMARI,DHARMENDRA PARSHAD,ANITA DEVI,09/09/2014,02/09/2023,400,22365742065
VII,8,DIVYANSH KUMAR,DHIRAJ SINGH,VIJETA SINGH,13/10/2013,01/04/2023,401,22137013044
VII,25,MODDASHIR AHMAD,FAIZ AHMAD,BHUSHRA KHATOON,23/01/2013,13/01/2022,402,22096939498
VII,14,ARSH KHAN,HASIM KHAN,SABRA KHATOON,25/12/2015,01/02/2020,403,22509191823
VII,22,KHUSHI KUMARI,KANHAIYA SINGH,SARITA DEVI,17/06/2016,23/02/2022,404,22257841373
VII,27,AYUSH KUMAR,KRISHNA PARSHAD,AARTI DEVI,01/04/2013,21/02/2020,405,22473556929
VII,15,SWEETY KUMARI,LAXMAN PARSHAD,MALA DEVI,26/03/2012,04/04/2024,406,22111501975
VII,28,ROSHAN KUMAR,MANOJ PARSHAD,RINKU DEVI,26/11/2011,08/04/2024,407,NA
VII,20,ARADHYA KUMARI,MANTU KUMAR GUPTA,DOLLY DEVI,27/08/2015,04/12/2023,408,22165484444
VII,12,ANAMIKA KUMARI,MUNNA RAM,SHANTI DEVI,11/09/2011,20/07/2024,409,NA
VII,13,ALISHA  KHATOON,NAJIR AHMAD,RAHIMUN NISHA,13/02/2014,25/02/2025,410,223437547203
VII,24,ZAKIH  ALI,NAUSHAD ALI,NUSHARAT JAHA KHATOON,15/10/2010,04/04/2023,411,22194331831
VII,23,ADARSH KUMAR,PAPU TIWARI,ANNU DEVI,19/06/2013,12/04/2018,412,20621897276
VII,11,ANMOL KUMAR,PARAS YADAV,PARMILA DEVI,13/01/2013,25/04/2024,413,NA
VII,1,SUDHI KUMARI,PARDEEP SINGH,URMILA DEVI,09/09/2013,26/02/2022,414,21410188200
VII,6,JIYA KUMARI,PAWAN TIWARI,NIPPU TIWARI,25/01/2015,18/08/2021,415,22128258069
VII,7,MOHIT KUMAR,PINTU GUPTA,REKHA GUPTA,17/11/2012,02/08/2022,416,22097186437
VII,31,NITISH KUMAR,RAMESH KUMAR KUSHWAHA,N/A,N/A,12/04/2025,417,N/A
VII,3,ARAW KUMAR,RANJIT KUMAR RANJAN,PINKI DEVI,06/10/2013,19/8/2020,418,22529187952
VII,26,MANDEEP KUMAR,SANJAI TIWARI,RINKU TIWARI,21/09/2012,21/03/2020,419,22590717223
VII,21,NISHAT SHEKH,SHEKH MAHMAD JAWED,NAJRA  KHATOON,N/A,15/04/2025,420,N/A
VII,28,AMRITA KUMARI,SHIVSHAMBHU YADAV,SINDHU DEVI,09/03/2009,04/05/2023,421,22317032231
VII,4,AKSHAT PRAYAG,SUBIR KUMAR SINHA,PUSHPA  SINGH,06/09/2013,01/07/2022,422,22515614081
VII,30,SANKALP KUMAR,SUJIT KUMAR SINGH,PARTIBHA DEVI,26/11/2026,04/03/2022,423,22436048087
VII,17,BELAL TANWIR,TANWIR AHMAD,SAMMA PARWEEN,19/03/2013,14/01/2022,424,22306951481
VII,2,SAURABH KUMAR,VIJAY SINGH,KIRAN DEVI,12/09/2013,02/12/2022,425,22192152312
VII,10,GAURI KUMARI,VISHWAJIT KUMAR RAY,RAJ LAKSHMI RAI,N/A,04/04/2025,426,N/A
VIII,13,ANSH KUMAR,ANIL TIWARI,SEEMA DEVI,9.6.2013,6.4.2018,427,22448470829
VIII,9,PUSHKAR RAJ,DHARMENDRA KUMAR SINGH,ANJU KUMARI,19.10.2012,NA,428,NA
VIII,1,SUPRIYA KUMARI,DILEEP MISHRA,BABITA DEVI,"10.7,2014",14.6.2022,429,NA
VIII,12,MOZAMMIL AHMAD,FAIZ AHMAD,BUSHRA KHATOON,30.11.2012,4.9.2022,430,NA
VIII,4,KRISHNA KUMAR SINGH,JOGINDAR SINGH,INDU DEVI,17.12.2012,14.6.2022,431,NA
VIII,8,FIZA PARWEEN,MD.FIROZ,AZIMA KHATOON,8.9.2011,2.5.2024,432,NA
VIII,10,RAJ MISHRA,MINTU KUMAR MISHRA,NILU DEVI,24.5.2012,NA,433,NA
VIII,3,KHUSHI KUMARI,PAPPU TIWARI,ANNU DEVI,3.3.2012,4.9.2019,434,22594516731
VIII,6,RIYA KUMARI,PRITHVINATH PANDEY,DIPU DEVI,14.5.2012,14.4.2022,435,22597023455
VIII,15,RAMESH KUMAR YADAV,RAKESH YADAV,MANJU DEVI,NA,NA,436,NA
VIII,2,HARSHIKA KUMARI,SANJAY KUMAR YADAV,GEETA DEVI,30.8.2013,2.4.2022,437,22356491341
VIII,7,MANISH TIWARI,SANJAY TIWARI,RINKU DEVI,19.10.2011,4.8.2019,438,22503051938
VIII,14,SHIVAM KUMAR,SATYENDRA SAH,SITA DEVI,29.6.2014,15.5.2024,439,NA
VIII,5,AGRIMA KUMARI,SHAILESH SINGH,LAXMI DEVI,20.10.2014,1.5.2018,440,22223002580
VIII,11,AYUSH KUMAR,VIKASH KUMAR PASWAN,RITA DEVI,5.1.2014,NA,441,NA